route_id,route_short_name,route_long_name,route_type
SNCB-1,IC,Courtrai -- Poperinge,TRAIN
SNCB-10,L,Gand-Saint-Pierre -- Renaix,TRAIN
SNCB-100,BUS,Liège-Guillemins -- Welkenraedt,TRAIN
SNCB-101,BUS,Landen -- Liège-Guillemins,TRAIN
SNCB-102,BUS,Verviers-Central -- Spa,TRAIN
SNCB-103,BUS,Rochefort-Jemelle -- Bomal,TRAIN
SNCB-104,BUS,Ottignies -- Bruxelles-Midi,TRAIN
SNCB-105,BUS,Marloie -- Bomal,TRAIN
SNCB-106,BUS,Bruxelles-Luxembourg -- Ottignies,TRAIN
SNCB-107,BUS,Luxembourg (LU) -- Ciney,TRAIN
SNCB-108,BUS,Rochefort-Jemelle -- Ciney,TRAIN
SNCB-109,BUS,Liège-Guillemins -- Verviers-Central,TRAIN
SNCB-11,L,Audenarde -- Renaix,TRAIN
SNCB-110,BUS,Liège-Guillemins -- Waremme,TRAIN
SNCB-111,BUS,Beauraing -- Bertrix,TRAIN
SNCB-112,BUS,Liège-Guillemins -- Herstal,TRAIN
SNCB-113,BUS,Arlon -- Athus,TRAIN
SNCB-114,BUS,Verviers-Central -- Spa-Géronstère,TRAIN
SNCB-115,BUS,Libramont -- Bertrix,TRAIN
SNCB-116,BUS,Wavre -- Louvain,TRAIN
SNCB-117,BUS,Wavre -- Sint-Joris-Weert,TRAIN
SNCB-118,BUS,Ottignies -- Sint-Joris-Weert,TRAIN
SNCB-119,BUS,Namur -- Ciney,TRAIN
SNCB-12,L,Gand-Saint-Pierre -- Eeklo,TRAIN
SNCB-120,BUS,Ottignies -- Gembloux,TRAIN
SNCB-121,BUS,Namur -- Rochefort-Jemelle,TRAIN
SNCB-122,BUS,Ottignies -- Namur,TRAIN
SNCB-123,BUS,Ciney -- Sart-Bernard,TRAIN
SNCB-124,BUS,Arlon -- Virton,TRAIN
SNCB-125,BUS,Tournai -- Ath,TRAIN
SNCB-126,BUS,Mons -- Quévy,TRAIN
SNCB-127,BUS,Mons -- Braine-le-Comte,TRAIN
SNCB-128,BUS,Hal -- Ath,TRAIN
SNCB-129,BUS,La Louvière-Sud -- Tournai,TRAIN
SNCB-13,L,Audenarde -- Eeklo,TRAIN
SNCB-130,BUS,Jurbise -- Braine-le-Comte,TRAIN
SNCB-131,BUS,Mons -- Saint-Ghislain,TRAIN
SNCB-132,BUS,Ath -- Grammont,TRAIN
SNCB-133,BUS,Saint-Ghislain -- Tournai,TRAIN
SNCB-134,BUS,Bruxelles-Midi -- Ath,TRAIN
SNCB-135,BUS,Luttre -- Manage,TRAIN
SNCB-136,BUS,Hal -- Tournai,TRAIN
SNCB-137,BUS,Saint-Ghislain -- Quiévrain,TRAIN
SNCB-138,BUS,Ottignies -- Charleroi-Central,TRAIN
SNCB-139,BUS,Mons -- La Louvière-Sud,TRAIN
SNCB-14,IC,Welkenraedt -- Gand-Saint-Pierre,TRAIN
SNCB-140,BUS,Nivelles -- Charleroi-Central,TRAIN
SNCB-141,BUS,Charleroi-Central -- Fleurus,TRAIN
SNCB-142,BUS,Charleroi-Central -- Couvin,TRAIN
SNCB-143,BUS,La Louvière-Sud -- Braine-le-Comte,TRAIN
SNCB-144,BUS,Enghien -- Ath,TRAIN
SNCB-145,BUS,Bruxelles-Midi -- Grammont,TRAIN
SNCB-146,BUS,Hal -- Grammont,TRAIN
SNCB-147,BUS,La Louvière-Centre -- La Louvière-Sud,TRAIN
SNCB-148,BUS,Bruxelles-Midi -- Charleroi-Central,TRAIN
SNCB-149,BUS,Blaton -- Tournai,TRAIN
SNCB-15,IC,Liège-Guillemins -- Gouvy,TRAIN
SNCB-150,BUS,Mons -- Jurbise,TRAIN
SNCB-151,BUS,Jurbise -- Quévy,TRAIN
SNCB-152,BUS,Saint-Ghislain -- Mouscron,TRAIN
SNCB-153,BUS,Mons -- Tournai,TRAIN
SNCB-154,BUS,Blaton -- Mouscron,TRAIN
SNCB-155,BUS,Ottignies -- Fleurus,TRAIN
SNCB-156,BUS,La Louvière-Centre -- Manage,TRAIN
SNCB-157,BUS,Bruxelles-Midi -- Hal,TRAIN
SNCB-158,BUS,Charleroi-Central -- Tamines,TRAIN
SNCB-159,BUS,Charleroi-Central -- La Louvière-Sud,TRAIN
SNCB-16,L,Bruges -- Zeebrugge-Dorp,TRAIN
SNCB-160,BUS,La Louvière-Sud -- Binche,TRAIN
SNCB-161,BUS,La Louvière-Sud -- Manage,TRAIN
SNCB-162,BUS,Châtelet -- Tamines,TRAIN
SNCB-163,BUS,Piéton -- La Louvière-Centre,TRAIN
SNCB-164,BUS,Gand-Saint-Pierre -- Zottegem,TRAIN
SNCB-165,L,Bruxelles-Midi -- Hal,TRAIN
SNCB-166,BUS,Maubeuge (FR) -- Charleroi-Central,TRAIN
SNCB-167,BUS,Erquelinnes -- Charleroi-Central,TRAIN
SNCB-168,BUS,Luxembourg (LU) -- Arlon,TRAIN
SNCB-169,BUS,Pétange (LU) -- Athus,TRAIN
SNCB-17,L,Zeebrugge-Dorp -- Gand-Saint-Pierre,TRAIN
SNCB-170,BUS,Lille Flandres (FR) -- Mouscron,TRAIN
SNCB-171,BUS,Ettelbruck (LU) -- Gouvy,TRAIN
SNCB-172,BUS,Luxembourg (LU) -- Athus,TRAIN
SNCB-173,IC,Schellebelle -- Denderleeuw,TRAIN
SNCB-174,IC,Burst -- Courtrai,TRAIN
SNCB-175,IC,Zottegem -- Courtrai,TRAIN
SNCB-176,IC,Menin -- Poperinge,TRAIN
SNCB-177,L,Gand-Dampoort -- Eeklo,TRAIN
SNCB-178,IC,Ostende -- Lichtervelde,TRAIN
SNCB-179,IC,Ostende -- Burst,TRAIN
SNCB-18,P,Schaerbeek -- Mons,TRAIN
SNCB-180,IC,Bruges -- Zottegem,TRAIN
SNCB-181,IC,Bruges -- Knokke,TRAIN
SNCB-182,L,Bruges -- Knokke,TRAIN
SNCB-183,IC,Ostende -- Courtrai,TRAIN
SNCB-184,IC,Bruges -- Courtrai,TRAIN
SNCB-185,IC,Ostende -- Zottegem,TRAIN
SNCB-186,IC,Audenarde -- Courtrai,TRAIN
SNCB-187,EXTRA,Audenarde -- Alost,TRAIN
SNCB-188,L,Bruges -- Gand-Saint-Pierre,TRAIN
SNCB-189,L,Zeebrugge-Strand -- Gand-Saint-Pierre,TRAIN
SNCB-19,P,Schaerbeek -- La Panne,TRAIN
SNCB-190,L,Bruges -- Ostende,TRAIN
SNCB-191,L,Burst -- Courtrai,TRAIN
SNCB-192,IC,Bruges -- Ostende,TRAIN
SNCB-193,IC,Anvers-Central -- Herentals,TRAIN
SNCB-194,L,Schaerbeek -- Anvers-Central,TRAIN
SNCB-195,P,Hasselt -- Landen,TRAIN
SNCB-196,IC,Hasselt -- Landen,TRAIN
SNCB-197,IC,Tongres -- Aarschot,TRAIN
SNCB-198,L,Hasselt -- Diest,TRAIN
SNCB-199,L,Bruxelles-Midi -- Louvain,TRAIN
SNCB-2,IC,Anvers-Central -- Essen,TRAIN
SNCB-20,P,Schaerbeek -- Courtrai,TRAIN
SNCB-200,L,Louvain -- Landen,TRAIN
SNCB-201,L,Hasselt -- Landen,TRAIN
SNCB-202,EXTRA,Louvain -- Aarschot,TRAIN
SNCB-203,L,Louvain -- Aarschot,TRAIN
SNCB-204,IC,Hasselt -- Aarschot,TRAIN
SNCB-205,L,Anvers-Central -- Essen,TRAIN
SNCB-206,L,Heist-op-den-Berg -- Louvain,TRAIN
SNCB-207,L,Anvers-Central -- Lierre,TRAIN
SNCB-208,L,Anvers-Central -- Heist-op-den-Berg,TRAIN
SNCB-209,L,Hasselt -- Aarschot,TRAIN
SNCB-21,IC,Schaerbeek -- Courtrai,TRAIN
SNCB-210,IC,Bruxelles-Midi -- Brussels Airport-Zaventem,TRAIN
SNCB-211,IC,Enghien -- Tournai,TRAIN
SNCB-212,IC,Mons -- Braine-le-Comte,TRAIN
SNCB-213,L,Verviers-Central -- Welkenraedt,TRAIN
SNCB-214,L,Namur -- Dinant,TRAIN
SNCB-215,L,Hasselt -- Tongres,TRAIN
SNCB-216,L,Liers -- Verviers-Central,TRAIN
SNCB-217,L,Liège-Guillemins -- Liers,TRAIN
SNCB-218,IC,Bruxelles-Luxembourg -- Brussels Airport-Zaventem,TRAIN
SNCB-219,IC,Namur -- Dinant,TRAIN
SNCB-22,BUS,Zottegem -- Denderleeuw,TRAIN
SNCB-220,IC,Bruxelles-Midi -- Ciney,TRAIN
SNCB-221,IC,Bruxelles-Midi -- Namur,TRAIN
SNCB-222,P,Herstal -- Bomal,TRAIN
SNCB-223,P,Ottignies -- Arlon,TRAIN
SNCB-224,L,Ottignies -- Louvain-la-Neuve,TRAIN
SNCB-225,IC,Ottignies -- Namur,TRAIN
SNCB-226,L,Louvain -- Sint-Joris-Weert,TRAIN
SNCB-227,IC,Gembloux -- Dinant,TRAIN
SNCB-228,IC,Gembloux -- Namur,TRAIN
SNCB-229,IC,Bruxelles-Midi -- Tournai,TRAIN
SNCB-23,BUS,Menin -- Poperinge,TRAIN
SNCB-230,IC,Mons -- Jurbise,TRAIN
SNCB-231,IC,Nivelles -- Charleroi-Central,TRAIN
SNCB-232,IC,Saint-Ghislain -- Tournai,TRAIN
SNCB-233,IC,Mons -- Mouscron,TRAIN
SNCB-234,IC,Tournai -- Ath,TRAIN
SNCB-235,IC,Bruxelles-Midi -- Nivelles,TRAIN
SNCB-236,IC,Tournai -- Mouscron,TRAIN
SNCB-237,L,Charleroi-Central -- Fleurus,TRAIN
SNCB-238,L,Ottignies -- Wavre,TRAIN
SNCB-239,L,Wavre -- Fleurus,TRAIN
SNCB-24,BUS,Lichtervelde -- La Panne,TRAIN
SNCB-240,L,Nivelles -- Luttre,TRAIN
SNCB-241,IC,Charleroi-Central -- Mons,TRAIN
SNCB-242,IC,Charleroi-Central -- Saint-Ghislain,TRAIN
SNCB-243,L,Ottignies -- Fleurus,TRAIN
SNCB-244,IC,Saint-Ghislain -- Mouscron,TRAIN
SNCB-245,IC,La Louvière-Centre -- Binche,TRAIN
SNCB-246,L,Jambes -- Tamines,TRAIN
SNCB-247,L,Namur -- Tamines,TRAIN
SNCB-248,L,Saint-Ghislain -- Quiévrain,TRAIN
SNCB-249,S34,Termonde -- Saint-Nicolas,TRAIN
SNCB-25,BUS,Gand-Saint-Pierre -- Termonde,TRAIN
SNCB-250,S34,Lokeren -- Melsele,TRAIN
SNCB-251,S34,Anvers-Berchem -- Termonde,TRAIN
SNCB-252,S34,Anvers-Central -- Termonde,TRAIN
SNCB-253,S34,Lokeren -- Saint-Nicolas,TRAIN
SNCB-254,S34,Anvers-Central -- Lokeren,TRAIN
SNCB-255,S34,Termonde -- Lokeren,TRAIN
SNCB-256,S34,Anvers-Central -- Saint-Nicolas,TRAIN
SNCB-257,S34,Anvers-Berchem -- Lokeren,TRAIN
SNCB-258,IC,Genk -- Blankenberge,TRAIN
SNCB-259,IC,Genk -- Bruges,TRAIN
SNCB-26,BUS,Gand-Saint-Pierre -- Alost,TRAIN
SNCB-260,IC,Hasselt -- Bruges,TRAIN
SNCB-261,IC,Hasselt -- Blankenberge,TRAIN
SNCB-262,IC,Landen -- Blankenberge,TRAIN
SNCB-263,IC,Bruges -- Blankenberge,TRAIN
SNCB-264,IC,Bruxelles-Nord -- Blankenberge,TRAIN
SNCB-265,IC,Bruxelles-Midi -- Blankenberge,TRAIN
SNCB-266,IC,Hasselt -- Genk,TRAIN
SNCB-267,S6,Audenarde -- Grammont,TRAIN
SNCB-268,S6,Grammont -- Denderleeuw,TRAIN
SNCB-269,S6,Zottegem -- Grammont,TRAIN
SNCB-27,BUS,Burst -- Denderleeuw,TRAIN
SNCB-270,S6,Enghien -- Denderleeuw,TRAIN
SNCB-271,S6,Enghien -- Grammont,TRAIN
SNCB-272,L,Audenarde -- Zottegem,TRAIN
SNCB-273,L,Audenarde -- Burst,TRAIN
SNCB-274,L,Zottegem -- Courtrai,TRAIN
SNCB-275,L,Audenarde -- Courtrai,TRAIN
SNCB-276,S43,Maastricht (NL) -- Liège-Guillemins,TRAIN
SNCB-277,S43,Liège-Guillemins -- Visé,TRAIN
SNCB-278,IC,Tongres -- Mons,TRAIN
SNCB-279,IC,Louvain -- Mons,TRAIN
SNCB-28,BUS,Termonde -- Lokeren,TRAIN
SNCB-280,IC,Tongres -- Quiévrain,TRAIN
SNCB-281,IC,Louvain -- Quiévrain,TRAIN
SNCB-282,IC,Mons -- Quiévrain,TRAIN
SNCB-283,IC,Hasselt -- Quiévrain,TRAIN
SNCB-284,L,Mariembourg -- Couvin,TRAIN
SNCB-285,EXTRA,Lierre -- Nijlen,TRAIN
SNCB-286,L,Mons -- Mouscron,TRAIN
SNCB-287,L,Liège-Guillemins -- Liège-Saint-Lambert,TRAIN
SNCB-288,L,Bruxelles-Luxembourg -- Hal,TRAIN
SNCB-289,L,Termonde -- Lokeren,TRAIN
SNCB-29,BUS,Jette -- Alost,TRAIN
SNCB-290,IC,Hasselt -- Louvain,TRAIN
SNCB-291,L,Liège-Saint-Lambert -- Fraipont,TRAIN
SNCB-292,IC,Liège-Guillemins -- Liers,TRAIN
SNCB-293,IC,Mol -- Hamont,TRAIN
SNCB-294,L,Liège-Guillemins -- Fraipont,TRAIN
SNCB-295,IC,Luxembourg (LU) -- Namur,TRAIN
SNCB-296,L,Liège-Guillemins -- Pepinster,TRAIN
SNCB-297,IC,Comines -- Poperinge,TRAIN
SNCB-298,IC,Anvers-Central -- Courtrai,TRAIN
SNCB-299,IC,Ypres -- Poperinge,TRAIN
SNCB-3,IC,Gand-Saint-Pierre -- Poperinge,TRAIN
SNCB-30,BUS,Lichtervelde -- Courtrai,TRAIN
SNCB-300,IC,Tongres -- Saint-Ghislain,TRAIN
SNCB-301,IC,Louvain -- Saint-Ghislain,TRAIN
SNCB-302,IC,Mons -- Saint-Ghislain,TRAIN
SNCB-303,S1,Bruxelles-Midi -- Anvers-Central,TRAIN
SNCB-304,S1,Nivelles -- Anvers-Central,TRAIN
SNCB-305,S1,Vilvorde -- Nivelles,TRAIN
SNCB-306,S1,Bruxelles-Midi -- Nivelles,TRAIN
SNCB-307,S1,Bruxelles-Nord -- Nivelles,TRAIN
SNCB-308,S1,Schaerbeek -- Nivelles,TRAIN
SNCB-309,T,Ottignies -- Wavre,TRAIN
SNCB-31,BUS,Bruges -- Ostende,TRAIN
SNCB-310,T,Ottignies -- Bruxelles-Midi,TRAIN
SNCB-311,T,Wavre -- Bruxelles-Midi,TRAIN
SNCB-312,IC,Anvers-Central -- Gand-Saint-Pierre,TRAIN
SNCB-313,T,Schaerbeek -- Cambron-Casteau,TRAIN
SNCB-314,T,Schaerbeek -- Jurbise,TRAIN
SNCB-315,IC,Anvers-Central -- Ostende,TRAIN
SNCB-316,IC,Ostende -- Saint-Nicolas,TRAIN
SNCB-317,IC,Anvers-Central -- Bruges,TRAIN
SNCB-318,IC,Ostende -- Gand-Saint-Pierre,TRAIN
SNCB-319,T,Dinant -- Houyet,TRAIN
SNCB-32,BUS,Bruges -- Gand-Saint-Pierre,TRAIN
SNCB-320,T,Liège-Guillemins -- Rochefort-Jemelle,TRAIN
SNCB-321,EXP,Bruges -- Knokke,TRAIN
SNCB-322,EXP,Turnhout -- Blankenberge,TRAIN
SNCB-323,EXP,Herentals -- Blankenberge,TRAIN
SNCB-324,EXP,Anvers-Central -- Blankenberge,TRAIN
SNCB-325,EXP,Charleroi-Central -- Blankenberge,TRAIN
SNCB-326,EXP,Neerpelt -- Blankenberge,TRAIN
SNCB-327,EXP,Schaerbeek -- Blankenberge,TRAIN
SNCB-328,EXP,Schaerbeek -- Ostende,TRAIN
SNCB-329,EXP,Tongres -- Ostende,TRAIN
SNCB-33,BUS,Grammont -- Denderleeuw,TRAIN
SNCB-330,EXP,Hasselt -- Ostende,TRAIN
SNCB-331,EXP,Arlon -- Ostende,TRAIN
SNCB-332,EXP,Schaerbeek -- La Panne,TRAIN
SNCB-333,EXP,Gand-Saint-Pierre -- La Panne,TRAIN
SNCB-334,EXP,Louvain -- Ostende,TRAIN
SNCB-335,EXP,Louvain -- Bruges,TRAIN
SNCB-336,EXP,Welkenraedt -- Ostende,TRAIN
SNCB-337,EXP,Liège-Guillemins -- Ostende,TRAIN
SNCB-338,EXP,Welkenraedt -- Bruges,TRAIN
SNCB-339,EXP,Louvain -- Blankenberge,TRAIN
SNCB-34,BUS,Malines -- Willebroek,TRAIN
SNCB-340,EXP,Blankenberge -- Saint-Nicolas,TRAIN
SNCB-341,EXP,Mons -- Blankenberge,TRAIN
SNCB-342,EXP,Hasselt -- Blankenberge,TRAIN
SNCB-343,EXTRA,Gand-Saint-Pierre -- Renaix,TRAIN
SNCB-344,EXTRA,Mons -- Tournai,TRAIN
SNCB-345,EXTRA,Mons -- Mouscron,TRAIN
SNCB-346,EXTRA,Mol -- Louvain,TRAIN
SNCB-347,EXTRA,Zeebrugge-Dorp -- Gand-Saint-Pierre,TRAIN
SNCB-348,EXTRA,Bruges -- Zeebrugge-Dorp,TRAIN
SNCB-349,EXTRA,Liège-Guillemins -- Gouvy,TRAIN
SNCB-35,BUS,Gand-Saint-Pierre -- Schellebelle,TRAIN
SNCB-350,EXTRA,Liège-Guillemins -- Liers,TRAIN
SNCB-351,EXTRA,Mariembourg -- Couvin,TRAIN
SNCB-352,EXTRA,Welkenraedt -- Gand-Saint-Pierre,TRAIN
SNCB-353,EXTRA,Bruxelles-Midi -- Brussels Airport-Zaventem,TRAIN
SNCB-354,EXTRA,Tournai -- Mouscron,TRAIN
SNCB-355,EXTRA,Liège-Guillemins -- Visé,TRAIN
SNCB-356,S52,Gand-Saint-Pierre -- Grammont,TRAIN
SNCB-357,S52,Zottegem -- Grammont,TRAIN
SNCB-358,S52,Melle -- Grammont,TRAIN
SNCB-359,L,Louvain-la-Neuve -- Zottegem,TRAIN
SNCB-36,BUS,Zottegem -- Grammont,TRAIN
SNCB-360,IC,Luxembourg (LU) -- Arlon,TRAIN
SNCB-361,S52,Gand-Saint-Pierre -- Zottegem,TRAIN
SNCB-362,L,Luxembourg (LU) -- Arlon,TRAIN
SNCB-363,S43,Aachen Hbf (DE) -- Liège-Guillemins,TRAIN
SNCB-364,IC,Brussels Airport-Zaventem -- Tournai,TRAIN
SNCB-365,IC,Hal -- Brussels Airport-Zaventem,TRAIN
SNCB-366,IC,Brussels Airport-Zaventem -- Enghien,TRAIN
SNCB-367,IC,Bruxelles-Nord -- Tournai,TRAIN
SNCB-368,IC,Brussels Airport-Zaventem -- Ath,TRAIN
SNCB-369,S1,Bruxelles-Nord -- Anvers-Central,TRAIN
SNCB-37,BUS,Bruxelles-Midi -- Zottegem,TRAIN
SNCB-370,S1,Anvers-Central -- Charleroi-Central,TRAIN
SNCB-371,S1,Vilvorde -- Bruxelles-Midi,TRAIN
SNCB-372,IC,Lille Flandres (FR) -- Courtrai,TRAIN
SNCB-373,IC,Mouscron -- Courtrai,TRAIN
SNCB-374,S63,Maubeuge (FR) -- Charleroi-Central,TRAIN
SNCB-375,S63,Erquelinnes -- Charleroi-Central,TRAIN
SNCB-376,IC,Lille Flandres (FR) -- Tournai,TRAIN
SNCB-377,S1,Schaerbeek -- Anvers-Central,TRAIN
SNCB-378,IC,Bruxelles-Midi -- Essen,TRAIN
SNCB-379,IC,Essen -- Charleroi-Central,TRAIN
SNCB-38,BUS,Gand-Saint-Pierre -- Lokeren,TRAIN
SNCB-380,IC,Bruxelles-Nord -- Charleroi-Central,TRAIN
SNCB-381,IC,Anvers-Central -- Charleroi-Central,TRAIN
SNCB-382,S10,Bruxelles-Midi -- Alost,TRAIN
SNCB-383,S10,Jette -- Bruxelles-Midi,TRAIN
SNCB-384,S10,Bruxelles-Midi -- Schellebelle,TRAIN
SNCB-385,IC,Namur -- Arlon,TRAIN
SNCB-386,IC,Luxembourg (LU) -- Bruxelles-Midi,TRAIN
SNCB-387,IC,Bruxelles-Midi -- Arlon,TRAIN
SNCB-388,IC,Marloie -- Arlon,TRAIN
SNCB-389,IC,Luxembourg (LU) -- Ciney,TRAIN
SNCB-39,BUS,Gand-Saint-Pierre -- Gand-Dampoort,TRAIN
SNCB-390,IC,Bruxelles-Midi -- Libramont,TRAIN
SNCB-391,IC,Ciney -- Arlon,TRAIN
SNCB-392,IC,Bruxelles-Midi -- Rochefort-Jemelle,TRAIN
SNCB-393,IC,Rochefort-Jemelle -- Ciney,TRAIN
SNCB-394,IC,Libramont -- Arlon,TRAIN
SNCB-395,IC,Rochefort-Jemelle -- Arlon,TRAIN
SNCB-396,S4,Bruxelles-Luxembourg -- Malines,TRAIN
SNCB-397,S4,Malines -- Alost,TRAIN
SNCB-398,IC,Brussels Airport-Zaventem -- Gand-Saint-Pierre,TRAIN
SNCB-399,S3,Termonde -- Grammont,TRAIN
SNCB-4,IC,Bruxelles-Midi -- Charleroi-Central,TRAIN
SNCB-40,BUS,Bruges -- Blankenberge,TRAIN
SNCB-400,S3,Bruxelles-Midi -- Termonde,TRAIN
SNCB-401,S3,Bruxelles-Nord -- Denderleeuw,TRAIN
SNCB-402,S3,Termonde -- Denderleeuw,TRAIN
SNCB-403,S3,Enghien -- Denderleeuw,TRAIN
SNCB-404,S3,Bruxelles-Midi -- Denderleeuw,TRAIN
SNCB-405,S3,Hal -- Denderleeuw,TRAIN
SNCB-406,S3,Bruxelles-Nord -- Grammont,TRAIN
SNCB-407,S3,Grammont -- Denderleeuw,TRAIN
SNCB-408,S3,Hal -- Grammont,TRAIN
SNCB-409,S3,Bruxelles-Nord -- Hal,TRAIN
SNCB-41,BUS,Jette -- Termonde,TRAIN
SNCB-410,S3,Bruxelles-Nord -- Termonde,TRAIN
SNCB-411,S3,Bruxelles-Midi -- Grammont,TRAIN
SNCB-412,S3,Enghien -- Grammont,TRAIN
SNCB-413,IC,Brussels Airport-Zaventem -- Courtrai,TRAIN
SNCB-414,IC,Brussels Airport-Zaventem -- Alost,TRAIN
SNCB-415,IC,Brussels Airport-Zaventem -- Denderleeuw,TRAIN
SNCB-416,IC,Brussels Airport-Zaventem -- Ostende,TRAIN
SNCB-417,IC,Brussels Airport-Zaventem -- Zottegem,TRAIN
SNCB-418,IC,Brussels Airport-Zaventem -- Lichtervelde,TRAIN
SNCB-419,IC,Bruxelles-Midi -- Courtrai,TRAIN
SNCB-42,BUS,Bruges -- Lichtervelde,TRAIN
SNCB-420,IC,Lichtervelde -- Courtrai,TRAIN
SNCB-421,IC,Denderleeuw -- Courtrai,TRAIN
SNCB-422,S32,Anvers-Central -- Essen,TRAIN
SNCB-423,S32,Anvers-Central -- Puurs,TRAIN
SNCB-424,S32,Essen -- Puurs,TRAIN
SNCB-425,S32,Anvers-Berchem -- Puurs,TRAIN
SNCB-426,IC,Liège-Saint-Lambert -- Namur,TRAIN
SNCB-427,IC,Liège-Guillemins -- Namur,TRAIN
SNCB-428,IC,Bruxelles-Midi -- Liège-Saint-Lambert,TRAIN
SNCB-429,IC,Bruxelles-Midi -- Liège-Guillemins,TRAIN
SNCB-43,BUS,Audenarde -- Denderleeuw,TRAIN
SNCB-430,IC,Liège-Guillemins -- Tournai,TRAIN
SNCB-431,IC,Liège-Saint-Lambert -- Tournai,TRAIN
SNCB-432,IC,Liège-Saint-Lambert -- Ostende,TRAIN
SNCB-433,IC,Liège-Guillemins -- Ostende,TRAIN
SNCB-434,L,Hasselt -- Louvain,TRAIN
SNCB-435,L,Diest -- Louvain,TRAIN
SNCB-436,L,Begijnendijk -- Hasselt,TRAIN
SNCB-437,IC,Bruxelles-Midi -- Dinant,TRAIN
SNCB-438,IC,Brussels Airport-Zaventem -- Dinant,TRAIN
SNCB-439,IC,Ottignies -- Dinant,TRAIN
SNCB-44,BUS,Audenarde -- Zottegem,TRAIN
SNCB-440,IC,Ottignies -- Bruxelles-Midi,TRAIN
SNCB-441,IC,Bruxelles-Midi -- Gembloux,TRAIN
SNCB-442,S32,Roosendaal (NL) -- Boom,TRAIN
SNCB-443,S32,Roosendaal (NL) -- Anvers-Central,TRAIN
SNCB-444,S32,Roosendaal (NL) -- Puurs,TRAIN
SNCB-445,S32,Anvers-Noorderdokken -- Puurs,TRAIN
SNCB-446,S32,Roosendaal (NL) -- Essen,TRAIN
SNCB-447,IC,Anvers-Central -- Louvain,TRAIN
SNCB-448,IC,Anvers-Central -- Hasselt,TRAIN
SNCB-449,IC,Anvers-Central -- Aarschot,TRAIN
SNCB-45,BUS,Menin -- Comines,TRAIN
SNCB-450,IC,Brussels Airport-Zaventem -- Hasselt,TRAIN
SNCB-451,IC,Anvers-Central -- Tongres,TRAIN
SNCB-452,IC,Malines -- Louvain,TRAIN
SNCB-453,IC,Brussels Airport-Zaventem -- Louvain,TRAIN
SNCB-454,L,Louvain -- Saint-Nicolas,TRAIN
SNCB-455,L,Malines -- Saint-Nicolas,TRAIN
SNCB-456,L,Willebroek -- Saint-Nicolas,TRAIN
SNCB-457,L,Malines -- Puurs,TRAIN
SNCB-458,IC,Liège-Guillemins -- Bruges,TRAIN
SNCB-459,IC,Liège-Guillemins -- Knokke,TRAIN
SNCB-46,BUS,Zottegem -- Courtrai,TRAIN
SNCB-460,IC,Bruxelles-Midi -- Louvain,TRAIN
SNCB-461,IC,Louvain -- Knokke,TRAIN
SNCB-462,IC,Landen -- Knokke,TRAIN
SNCB-463,IC,Louvain -- Bruges,TRAIN
SNCB-464,L,Anvers-Central -- Louvain,TRAIN
SNCB-465,L,Anvers-Central -- Aarschot,TRAIN
SNCB-466,L,Anvers-Central -- Begijnendijk,TRAIN
SNCB-467,S33,Anvers-Central -- Mol,TRAIN
SNCB-468,IC,Gand-Saint-Pierre -- La Panne,TRAIN
SNCB-469,IC,Anvers-Central -- La Panne,TRAIN
SNCB-47,BUS,Courtrai -- Menin,TRAIN
SNCB-470,IC,Anvers-Berchem -- La Panne,TRAIN
SNCB-471,S20,Ottignies -- Louvain,TRAIN
SNCB-472,S20,Ottignies -- Wavre,TRAIN
SNCB-473,IC,Bruxelles-Midi -- Anvers-Central,TRAIN
SNCB-474,IC,Bruxelles-Midi -- Anvers-Berchem,TRAIN
SNCB-475,IC,Bruxelles-Nord -- Anvers-Central,TRAIN
SNCB-476,IC,Anvers-Central -- Binche,TRAIN
SNCB-477,IC,Tournai -- Termonde,TRAIN
SNCB-478,IC,Mouscron -- Termonde,TRAIN
SNCB-479,IC,Termonde -- Courtrai,TRAIN
SNCB-48,BUS,Jette -- Denderleeuw,TRAIN
SNCB-480,IC,Bruxelles-Midi -- Termonde,TRAIN
SNCB-481,IC,Tournai -- Courtrai,TRAIN
SNCB-482,IC,Ath -- Courtrai,TRAIN
SNCB-483,IC,Ath -- Termonde,TRAIN
SNCB-484,S9,Nivelles -- Landen,TRAIN
SNCB-485,S9,Bruxelles-Luxembourg -- Landen,TRAIN
SNCB-486,S9,Louvain -- Landen,TRAIN
SNCB-487,S9,Nivelles -- Louvain,TRAIN
SNCB-488,S5,Malines -- Enghien,TRAIN
SNCB-489,S5,Malines -- Grammont,TRAIN
SNCB-49,BUS,Anvers-Central -- Noorderkempen (Brecht),TRAIN
SNCB-490,S5,Hal -- Malines,TRAIN
SNCB-491,S5,Malines -- Denderleeuw,TRAIN
SNCB-492,S5,Bruxelles-Luxembourg -- Malines,TRAIN
SNCB-493,S5,Schaerbeek -- Hal,TRAIN
SNCB-494,S5,Bruxelles-Luxembourg -- Hal,TRAIN
SNCB-495,IC,Schaerbeek -- Binche,TRAIN
SNCB-496,IC,Turnhout -- Binche,TRAIN
SNCB-497,IC,La Louvière-Sud -- Braine-le-Comte,TRAIN
SNCB-498,IC,Binche -- Braine-le-Comte,TRAIN
SNCB-499,IC,Hal -- Binche,TRAIN
SNCB-5,L,Libramont -- Bertrix,TRAIN
SNCB-50,BUS,Anvers-Central -- Mol,TRAIN
SNCB-500,IC,Schaerbeek -- Manage,TRAIN
SNCB-501,IC,Turnhout -- La Louvière-Sud,TRAIN
SNCB-502,IC,Lierre -- Binche,TRAIN
SNCB-503,IC,Schaerbeek -- La Louvière-Sud,TRAIN
SNCB-504,IC,Hal -- La Louvière-Sud,TRAIN
SNCB-505,S7,Bruxelles-Luxembourg -- Malines,TRAIN
SNCB-506,S7,Vilvorde -- Hal,TRAIN
SNCB-507,S7,Vilvorde -- Grammont,TRAIN
SNCB-508,S5,Bruxelles-Luxembourg -- Enghien,TRAIN
SNCB-509,IC,Bruxelles-Midi -- Genk,TRAIN
SNCB-51,BUS,Hasselt -- Tongres,TRAIN
SNCB-510,IC,Bruxelles-Nord -- Gand-Saint-Pierre,TRAIN
SNCB-511,IC,Schaerbeek -- Gand-Saint-Pierre,TRAIN
SNCB-512,IC,Bruxelles-Nord -- La Panne,TRAIN
SNCB-513,IC,Genk -- Gand-Saint-Pierre,TRAIN
SNCB-514,IC,Bruxelles-Nord -- Lichtervelde,TRAIN
SNCB-515,IC,Schaerbeek -- La Panne,TRAIN
SNCB-516,IC,Bruxelles-Midi -- La Panne,TRAIN
SNCB-517,IC,Gand-Saint-Pierre -- Lichtervelde,TRAIN
SNCB-518,IC,Hasselt -- Gand-Saint-Pierre,TRAIN
SNCB-519,IC,Bruxelles-Midi -- Gand-Saint-Pierre,TRAIN
SNCB-52,BUS,Hasselt -- Landen,TRAIN
SNCB-520,IC,Gand-Saint-Pierre -- Alost,TRAIN
SNCB-521,IC,Louvain -- La Panne,TRAIN
SNCB-522,S2,Louvain -- Braine-le-Comte,TRAIN
SNCB-523,S2,Bruxelles-Nord -- Louvain,TRAIN
SNCB-524,S2,Hal -- Louvain,TRAIN
SNCB-525,IC,Brussels Airport-Zaventem -- Mons,TRAIN
SNCB-526,IC,Brussels Airport-Zaventem -- Braine-le-Comte,TRAIN
SNCB-527,IC,Brussels Airport-Zaventem -- Quévy,TRAIN
SNCB-528,IC,Bruxelles-Midi -- Mons,TRAIN
SNCB-529,S2,Bruxelles-Midi -- Louvain,TRAIN
SNCB-53,BUS,Hasselt -- Genk,TRAIN
SNCB-530,S2,Schaerbeek -- Bruxelles-Midi,TRAIN
SNCB-531,S2,Schaerbeek -- Louvain,TRAIN
SNCB-532,S2,Schaerbeek -- Braine-le-Comte,TRAIN
SNCB-533,IC,Liers -- Namur,TRAIN
SNCB-534,IC,Liège-Guillemins -- Mons,TRAIN
SNCB-535,IC,Herstal -- Mons,TRAIN
SNCB-536,IC,Herstal -- Namur,TRAIN
SNCB-537,IC,Liers -- Mons,TRAIN
SNCB-538,IC,Liers -- La Louvière-Sud,TRAIN
SNCB-539,IC,Liers -- Tamines,TRAIN
SNCB-54,BUS,Malines -- Louvain,TRAIN
SNCB-540,IC,Liers -- Mouscron,TRAIN
SNCB-541,IC,Liers -- Blaton,TRAIN
SNCB-542,IC,Liers -- Saint-Ghislain,TRAIN
SNCB-543,IC,Liège-Guillemins -- Mouscron,TRAIN
SNCB-544,IC,Herstal -- Mouscron,TRAIN
SNCB-545,IC,Charleroi-Central -- Mouscron,TRAIN
SNCB-546,IC,Namur -- Mons,TRAIN
SNCB-547,IC,Namur -- Mouscron,TRAIN
SNCB-548,IC,Namur -- La Louvière-Sud,TRAIN
SNCB-549,IC,Namur -- Blaton,TRAIN
SNCB-55,BUS,Mol -- Neerpelt,TRAIN
SNCB-550,IC,Namur -- Saint-Ghislain,TRAIN
SNCB-551,IC,Namur -- Tamines,TRAIN
SNCB-552,IC,Charleroi-Central -- La Louvière-Sud,TRAIN
SNCB-553,IC,Mons -- Blaton,TRAIN
SNCB-554,IC,Charleroi-Central -- Blaton,TRAIN
SNCB-555,IC,Liège-Saint-Lambert -- Mons,TRAIN
SNCB-556,IC,Liers -- Charleroi-Central,TRAIN
SNCB-557,IC,Herstal -- La Louvière-Sud,TRAIN
SNCB-558,IC,Herstal -- Tournai,TRAIN
SNCB-559,IC,Liège-Guillemins -- Charleroi-Central,TRAIN
SNCB-56,BUS,Hasselt -- Aarschot,TRAIN
SNCB-560,IC,Herstal -- Charleroi-Central,TRAIN
SNCB-561,S10,Bruxelles-Midi -- Termonde,TRAIN
SNCB-562,S64,Charleroi-Central -- Couvin,TRAIN
SNCB-563,S64,Charleroi-Central -- Mariembourg,TRAIN
SNCB-564,S64,Mariembourg -- Couvin,TRAIN
SNCB-565,S8,Louvain-la-Neuve -- Bruxelles-Midi,TRAIN
SNCB-566,S8,Louvain-la-Neuve -- Audenarde,TRAIN
SNCB-567,S8,Bruxelles-Luxembourg -- Bruxelles-Midi,TRAIN
SNCB-568,S8,Louvain-la-Neuve -- Zottegem,TRAIN
SNCB-569,S8,Namur -- Zottegem,TRAIN
SNCB-57,BUS,Louvain -- Liège-Guillemins,TRAIN
SNCB-570,S8,Bruxelles-Midi -- Namur,TRAIN
SNCB-571,S8,Ottignies -- Louvain-la-Neuve,TRAIN
SNCB-572,S19,Bruxelles-Luxembourg -- Louvain,TRAIN
SNCB-573,S19,Nivelles -- Landen,TRAIN
SNCB-574,S19,Nivelles -- Louvain,TRAIN
SNCB-575,S19,Bruxelles-Luxembourg -- Landen,TRAIN
SNCB-576,S19,Bruxelles-Luxembourg -- Nivelles,TRAIN
SNCB-577,S19,Brussels Airport-Zaventem -- Charleroi-Central,TRAIN
SNCB-578,S19,Bruxelles-Luxembourg -- Charleroi-Central,TRAIN
SNCB-579,S19,Brussels Airport-Zaventem -- Louvain,TRAIN
SNCB-58,BUS,Herentals -- Mol,TRAIN
SNCB-580,IC,Louvain -- Courtrai,TRAIN
SNCB-581,S19,Louvain -- Landen,TRAIN
SNCB-582,IC,Welkenraedt -- Courtrai,TRAIN
SNCB-583,IC,Gand-Saint-Pierre -- Courtrai,TRAIN
SNCB-584,L,Mons -- Braine-le-Comte,TRAIN
SNCB-585,IC,Louvain -- Ostende,TRAIN
SNCB-586,IC,Louvain -- Termonde,TRAIN
SNCB-587,IC,Louvain -- Gand-Saint-Pierre,TRAIN
SNCB-588,L,Malines -- Louvain,TRAIN
SNCB-589,IC,Gand-Saint-Pierre -- Termonde,TRAIN
SNCB-59,BUS,Louvain -- Landen,TRAIN
SNCB-590,S61,Jambes -- Charleroi-Central,TRAIN
SNCB-591,S61,Charleroi-Central -- Tamines,TRAIN
SNCB-592,S61,Charleroi-Central -- Jemeppe-sur-Sambre,TRAIN
SNCB-593,IC,Anvers-Central -- Turnhout,TRAIN
SNCB-594,IC,Anvers-Berchem -- Turnhout,TRAIN
SNCB-595,NJ,Berlin Ostbahnhof (DE) -- Bruxelles-Midi,TRAIN
SNCB-596,NJ,BERLIN HBF (D) -- Bruxelles-Midi,TRAIN
SNCB-597,S62,Luttre -- La Louvière-Sud,TRAIN
SNCB-598,S62,La Louvière-Sud -- Manage,TRAIN
SNCB-599,S62,Luttre -- Charleroi-Central,TRAIN
SNCB-6,L,Mons -- Quévy,TRAIN
SNCB-60,BUS,Mol -- Hamont,TRAIN
SNCB-600,S62,Charleroi-Central -- Manage,TRAIN
SNCB-601,S62,Piéton -- Charleroi-Central,TRAIN
SNCB-602,S62,Charleroi-Central -- La Louvière-Centre,TRAIN
SNCB-603,S62,Charleroi-Central -- La Louvière-Sud,TRAIN
SNCB-604,IC,Anvers-Central -- Hamont,TRAIN
SNCB-605,IC,Anvers-Central -- Mol,TRAIN
SNCB-606,IC,Mol -- Neerpelt,TRAIN
SNCB-607,IC,Anvers-Central -- Neerpelt,TRAIN
SNCB-608,IC,Anvers-Central -- Lierre,TRAIN
SNCB-609,L,Binche -- Braine-le-Comte,TRAIN
SNCB-61,BUS,Louvain -- Waremme,TRAIN
SNCB-610,L,La Louvière-Sud -- Braine-le-Comte,TRAIN
SNCB-611,L,Charleroi-Central -- La Louvière-Centre,TRAIN
SNCB-612,L,Charleroi-Central -- La Louvière-Sud,TRAIN
SNCB-613,L,Luttre -- Charleroi-Central,TRAIN
SNCB-614,L,Charleroi-Central -- Manage,TRAIN
SNCB-615,IC,Welkenraedt -- Ostende,TRAIN
SNCB-616,L,Hasselt -- Mol,TRAIN
SNCB-617,L,Quévy -- La Louvière-Sud,TRAIN
SNCB-618,L,Charleroi-Central -- Quévy,TRAIN
SNCB-619,L,Mons -- La Louvière-Sud,TRAIN
SNCB-62,BUS,Louvain -- Ans,TRAIN
SNCB-620,S61,Charleroi-Central -- Châtelet,TRAIN
SNCB-621,S61,Ottignies -- Jambes,TRAIN
SNCB-622,S61,Wavre -- Jambes,TRAIN
SNCB-623,S61,Jambes -- Fleurus,TRAIN
SNCB-624,S61,Wavre -- Châtelet,TRAIN
SNCB-625,S61,Wavre -- Namur,TRAIN
SNCB-626,S61,Wavre -- Charleroi-Central,TRAIN
SNCB-627,S61,Namur -- Jambes,TRAIN
SNCB-628,S61,Namur -- Charleroi-Central,TRAIN
SNCB-629,S61,Namur -- Fleurus,TRAIN
SNCB-63,BUS,Herentals -- Hamont,TRAIN
SNCB-630,S61,Ottignies -- Namur,TRAIN
SNCB-631,S61,Ottignies -- Charleroi-Central,TRAIN
SNCB-632,S61,Ottignies -- Wavre,TRAIN
SNCB-633,L,Mons -- Quiévrain,TRAIN
SNCB-634,L,Mons -- Saint-Ghislain,TRAIN
SNCB-635,L,Luxembourg (LU) -- Athus,TRAIN
SNCB-636,L,Rodange (LU) -- Athus,TRAIN
SNCB-637,L,Mons -- Tournai,TRAIN
SNCB-638,L,Mouscron -- Grammont,TRAIN
SNCB-639,L,Quévy -- Grammont,TRAIN
SNCB-64,BUS,Begijnendijk -- Louvain,TRAIN
SNCB-640,L,Tournai -- Grammont,TRAIN
SNCB-641,L,Quévy -- Ath,TRAIN
SNCB-642,L,Jurbise -- Grammont,TRAIN
SNCB-643,L,Ath -- Grammont,TRAIN
SNCB-644,L,Mouscron -- Ath,TRAIN
SNCB-645,L,Saint-Ghislain -- Tournai,TRAIN
SNCB-646,L,Liège-Guillemins -- Huy,TRAIN
SNCB-647,L,Flémalle-Haute -- Huy,TRAIN
SNCB-648,L,Liège-Guillemins -- Namur,TRAIN
SNCB-649,L,Flémalle-Haute -- Namur,TRAIN
SNCB-65,BUS,Hasselt -- Louvain,TRAIN
SNCB-650,OTC,Paris Nord (FR) -- Mons,TRAIN
SNCB-651,OTC,Paris Nord (FR) -- Bruxelles-Midi,TRAIN
SNCB-652,S41,Aachen Hbf (DE) -- Liège-Guillemins,TRAIN
SNCB-653,S41,Aachen Hbf (DE) -- Welkenraedt,TRAIN
SNCB-654,S41,Aachen Hbf (DE) -- Liège-Saint-Lambert,TRAIN
SNCB-655,S41,Liège-Saint-Lambert -- Welkenraedt,TRAIN
SNCB-656,S41,Liège-Guillemins -- Welkenraedt,TRAIN
SNCB-657,S41,Liège-Guillemins -- Liège-Saint-Lambert,TRAIN
SNCB-658,IC,Welkenraedt -- Eupen,TRAIN
SNCB-659,IC,Eupen -- Ostende,TRAIN
SNCB-66,BUS,Herentals -- Turnhout,TRAIN
SNCB-660,IC,Eupen -- Bruges,TRAIN
SNCB-661,IC,Eupen -- Gand-Saint-Pierre,TRAIN
SNCB-662,S41,Aachen Hbf (DE) -- Verviers-Central,TRAIN
SNCB-663,S44,Landen -- Liège-Guillemins,TRAIN
SNCB-664,S44,Landen -- Visé,TRAIN
SNCB-665,S44,Liège-Guillemins -- Waremme,TRAIN
SNCB-666,S44,Liège-Guillemins -- Visé,TRAIN
SNCB-667,IC,Welkenraedt -- Bruges,TRAIN
SNCB-668,S42,Liège-Guillemins -- Flémalle-Haute,TRAIN
SNCB-669,S42,Liers -- Flémalle-Haute,TRAIN
SNCB-67,BUS,Lierre -- Mol,TRAIN
SNCB-670,IC,Luxembourg (LU) -- Gouvy,TRAIN
SNCB-671,IC,Luxembourg (LU) -- Liège-Guillemins,TRAIN
SNCB-672,IC,Luxembourg (LU) -- Liers,TRAIN
SNCB-673,IC,Liers -- Gouvy,TRAIN
SNCB-674,IC,Luxembourg (LU) -- Rivage,TRAIN
SNCB-675,IC,Rivage -- Gouvy,TRAIN
SNCB-676,S41,Liège-Guillemins -- Verviers-Central,TRAIN
SNCB-677,S41,Hasselt -- Liers,TRAIN
SNCB-678,S41,Hasselt -- Verviers-Central,TRAIN
SNCB-679,S41,Hasselt -- Liège-Guillemins,TRAIN
SNCB-68,BUS,Hasselt -- Mol,TRAIN
SNCB-680,S41,Tongres -- Liège-Guillemins,TRAIN
SNCB-681,S41,Hasselt -- Tongres,TRAIN
SNCB-682,S41,Liers -- Verviers-Central,TRAIN
SNCB-683,IC,Bruxelles-Midi -- Eupen,TRAIN
SNCB-684,S42,Herstal -- Flémalle-Haute,TRAIN
SNCB-685,S42,Liège-Guillemins -- Liers,TRAIN
SNCB-686,L,Malines -- Gand-Saint-Pierre,TRAIN
SNCB-687,L,Malines -- Termonde,TRAIN
SNCB-688,L,Malines -- Bruges,TRAIN
SNCB-689,L,Malines -- Schellebelle,TRAIN
SNCB-69,BUS,Lierre -- Turnhout,TRAIN
SNCB-690,L,Liers -- Marloie,TRAIN
SNCB-691,L,Liège-Guillemins -- Marloie,TRAIN
SNCB-692,L,Rivage -- Marloie,TRAIN
SNCB-693,L,Liers -- Bomal,TRAIN
SNCB-694,L,Herstal -- Marloie,TRAIN
SNCB-695,L,Liers -- Rochefort-Jemelle,TRAIN
SNCB-696,L,Liège-Guillemins -- Rochefort-Jemelle,TRAIN
SNCB-697,L,Malines -- Zeebrugge-Dorp,TRAIN
SNCB-698,L,Malines -- Zeebrugge-Strand,TRAIN
SNCB-699,L,Rivage -- Rochefort-Jemelle,TRAIN
SNCB-7,L,Grammont -- Denderleeuw,TRAIN
SNCB-70,BUS,Lierre -- Heist-op-den-Berg,TRAIN
SNCB-700,L,Herstal -- Rochefort-Jemelle,TRAIN
SNCB-701,L,Zeebrugge-Strand -- Termonde,TRAIN
SNCB-702,L,Zeebrugge-Dorp -- Termonde,TRAIN
SNCB-703,IC,Louvain -- Charleroi-Central,TRAIN
SNCB-704,IC,Louvain -- Fleurus,TRAIN
SNCB-705,IC,Ottignies -- Louvain,TRAIN
SNCB-706,IC,Ottignies -- Charleroi-Central,TRAIN
SNCB-707,IC,Wavre -- Charleroi-Central,TRAIN
SNCB-708,L,Bruges -- Termonde,TRAIN
SNCB-709,L,Termonde -- Schellebelle,TRAIN
SNCB-71,BUS,Neerpelt -- Hamont,TRAIN
SNCB-710,IC,Ottignies -- Fleurus,TRAIN
SNCB-711,L,Namur -- Ciney,TRAIN
SNCB-712,L,Namur -- Sart-Bernard,TRAIN
SNCB-713,L,Libramont -- Arlon,TRAIN
SNCB-714,P,Bertrix -- Arlon,TRAIN
SNCB-715,L,Libramont -- Athus,TRAIN
SNCB-716,L,Bertrix -- Athus,TRAIN
SNCB-717,L,Namur -- Libramont,TRAIN
SNCB-718,L,Gendron-Celles -- Libramont,TRAIN
SNCB-719,L,Namur -- Beauraing,TRAIN
SNCB-72,BUS,Diest -- Aarschot,TRAIN
SNCB-720,L,Namur -- Bertrix,TRAIN
SNCB-721,L,Gendron-Celles -- Bertrix,TRAIN
SNCB-722,L,Rochefort-Jemelle -- Libramont,TRAIN
SNCB-723,L,Rochefort-Jemelle -- Ciney,TRAIN
SNCB-724,L,Ottignies -- Namur,TRAIN
SNCB-725,L,Gembloux -- Namur,TRAIN
SNCB-726,L,Ottignies -- Gembloux,TRAIN
SNCB-727,L,Ottignies -- Rhisnes,TRAIN
SNCB-728,S8,Schaerbeek -- Louvain-la-Neuve,TRAIN
SNCB-729,S53,Gand-Saint-Pierre -- Lokeren,TRAIN
SNCB-73,BUS,Louvain -- Aarschot,TRAIN
SNCB-730,S8,Louvain-la-Neuve -- Denderleeuw,TRAIN
SNCB-731,S8,Bruxelles-Luxembourg -- Audenarde,TRAIN
SNCB-732,S8,Ottignies -- Zottegem,TRAIN
SNCB-733,S8,Bruxelles-Luxembourg -- Zottegem,TRAIN
SNCB-734,S8,Ottignies -- Bruxelles-Midi,TRAIN
SNCB-735,S8,Bruxelles-Midi -- Zottegem,TRAIN
SNCB-736,S53,Renaix -- Lokeren,TRAIN
SNCB-737,S53,Gand-Dampoort -- Lokeren,TRAIN
SNCB-738,S8,Bruxelles-Nord -- Zottegem,TRAIN
SNCB-739,S8,Bruxelles-Nord -- Bruxelles-Midi,TRAIN
SNCB-74,BUS,Anvers-Berchem -- Puurs,TRAIN
SNCB-740,S8,Ottignies -- Denderleeuw,TRAIN
SNCB-741,S53,Audenarde -- Lokeren,TRAIN
SNCB-742,S35,Anvers-Central -- Noorderkempen (Brecht),TRAIN
SNCB-743,L,Spa-Géronstère -- Welkenraedt,TRAIN
SNCB-744,L,Verviers-Central -- Spa-Géronstère,TRAIN
SNCB-745,BUS,Luxembourg (LU) -- Pétange (LU),TRAIN
SNCB-746,P,Schaerbeek -- Ostende,TRAIN
SNCB-747,P,Schaerbeek -- Poperinge,TRAIN
SNCB-748,P,Gand-Saint-Pierre -- Alost,TRAIN
SNCB-749,P,Schaerbeek -- Gand-Saint-Pierre,TRAIN
SNCB-75,BUS,Landen -- Ans,TRAIN
SNCB-750,P,Schaerbeek -- Saint-Nicolas,TRAIN
SNCB-751,IC,Anvers-Central -- Poperinge,TRAIN
SNCB-752,IC,Saint-Nicolas -- Poperinge,TRAIN
SNCB-753,IC,Anvers-Central -- Menin,TRAIN
SNCB-754,P,Bruges -- Gand-Saint-Pierre,TRAIN
SNCB-755,P,Bruges -- Blankenberge,TRAIN
SNCB-756,P,Bruges -- Zeebrugge-Dorp,TRAIN
SNCB-757,P,Bruges -- Knokke,TRAIN
SNCB-758,P,Courtrai -- Poperinge,TRAIN
SNCB-759,S51,Gand-Saint-Pierre -- Eeklo,TRAIN
SNCB-76,BUS,Anvers-Central -- Puurs,TRAIN
SNCB-760,P,Louvain -- Saint-Nicolas,TRAIN
SNCB-761,P,Malines -- Saint-Nicolas,TRAIN
SNCB-762,P,Gand-Saint-Pierre -- Termonde,TRAIN
SNCB-763,P,Malines -- Termonde,TRAIN
SNCB-764,P,Louvain -- Termonde,TRAIN
SNCB-765,BUS,Melsele -- Zwijndrecht,TRAIN
SNCB-766,BUS,Saint-Nicolas -- Zwijndrecht,TRAIN
SNCB-767,BUS,Zwijndrecht-Dorp -- Saint-Nicolas,TRAIN
SNCB-768,P,Bruxelles-Nord -- Anvers-Central,TRAIN
SNCB-769,P,Bruxelles-Midi -- Mol,TRAIN
SNCB-77,BUS,Hasselt -- Diest,TRAIN
SNCB-770,P,Bruxelles-Midi -- Neerpelt,TRAIN
SNCB-771,IC,Saint-Nicolas -- Courtrai,TRAIN
SNCB-772,P,Noorderkempen (Brecht) -- Anvers-Berchem,TRAIN
SNCB-773,P,Brussels Airport-Zaventem -- Noorderkempen (Brecht),TRAIN
SNCB-774,P,Anvers-Central -- Essen,TRAIN
SNCB-775,S33,Anvers-Berchem -- Herentals,TRAIN
SNCB-776,S33,Lierre -- Herentals,TRAIN
SNCB-777,P,Lierre -- Herentals,TRAIN
SNCB-778,P,Anvers-Central -- Aarschot,TRAIN
SNCB-779,P,Anvers-Central -- Louvain,TRAIN
SNCB-78,BUS,Heist-op-den-Berg -- Aarschot,TRAIN
SNCB-780,P,Anvers-Berchem -- Aarschot,TRAIN
SNCB-781,P,Bruxelles-Midi -- Tongres,TRAIN
SNCB-782,P,Hasselt -- Louvain,TRAIN
SNCB-783,S44,Landen -- Ans,TRAIN
SNCB-784,P,Malines -- Louvain,TRAIN
SNCB-785,P,Bruxelles-Midi -- Liège-Guillemins,TRAIN
SNCB-786,IC,Gand-Saint-Pierre -- Menin,TRAIN
SNCB-787,P,Liège-Guillemins -- Statte,TRAIN
SNCB-788,P,Liège-Guillemins -- Gouvy,TRAIN
SNCB-789,P,Rivage -- Gouvy,TRAIN
SNCB-79,BUS,Hal -- Mons,TRAIN
SNCB-790,P,Huy -- Namur,TRAIN
SNCB-791,P,Liège-Guillemins -- Bomal,TRAIN
SNCB-792,P,Verviers-Central -- Spa-Géronstère,TRAIN
SNCB-793,P,Tournai -- Mouscron,TRAIN
SNCB-794,P,Schaerbeek -- Mouscron,TRAIN
SNCB-795,S51,Renaix -- Eeklo,TRAIN
SNCB-796,P,Mons -- Tournai,TRAIN
SNCB-797,S51,Gand-Saint-Pierre -- Audenarde,TRAIN
SNCB-798,S3,Schaerbeek -- Grammont,TRAIN
SNCB-799,P,Mons -- Ath,TRAIN
SNCB-8,L,Mons -- Grammont,TRAIN
SNCB-80,BUS,Bruxelles-Midi -- Nivelles,TRAIN
SNCB-800,P,Jurbise -- Ath,TRAIN
SNCB-801,S51,Gand-Saint-Pierre -- Renaix,TRAIN
SNCB-802,P,Ath -- Grammont,TRAIN
SNCB-803,S51,Audenarde -- Renaix,TRAIN
SNCB-804,P,Bruxelles-Midi -- Rochefort-Jemelle,TRAIN
SNCB-805,P,Namur -- Rochefort-Jemelle,TRAIN
SNCB-806,P,Luxembourg (LU) -- Namur,TRAIN
SNCB-807,P,Namur -- Arlon,TRAIN
SNCB-808,P,Luxembourg (LU) -- Arlon,TRAIN
SNCB-809,P,Luxembourg (LU) -- Bruxelles-Midi,TRAIN
SNCB-81,BUS,Hal -- Braine-le-Comte,TRAIN
SNCB-810,P,Bruxelles-Midi -- Arlon,TRAIN
SNCB-811,P,Ottignies -- Gembloux,TRAIN
SNCB-812,P,Gembloux -- Namur,TRAIN
SNCB-813,P,Ottignies -- Namur,TRAIN
SNCB-814,S81,Schaerbeek -- Louvain-la-Neuve,TRAIN
SNCB-815,S81,Schaerbeek -- Ottignies,TRAIN
SNCB-816,P,Arlon -- Virton,TRAIN
SNCB-817,P,Virton -- Athus,TRAIN
SNCB-818,P,Bertrix -- Athus,TRAIN
SNCB-819,P,Namur -- Ciney,TRAIN
SNCB-82,BUS,Ostende -- Gand-Saint-Pierre,TRAIN
SNCB-820,P,Rochefort-Jemelle -- Libramont,TRAIN
SNCB-821,P,Liège-Saint-Lambert -- Rochefort-Jemelle,TRAIN
SNCB-822,P,Liège-Guillemins -- Rochefort-Jemelle,TRAIN
SNCB-823,P,Liège-Guillemins -- Marloie,TRAIN
SNCB-824,P,Ciney -- Libramont,TRAIN
SNCB-825,S51,Audenarde -- Eeklo,TRAIN
SNCB-826,P,Dinant -- Bertrix,TRAIN
SNCB-827,P,Namur -- Bertrix,TRAIN
SNCB-828,P,Libramont -- Arlon,TRAIN
SNCB-829,P,Libramont -- Gedinne,TRAIN
SNCB-83,BUS,Bruxelles-Midi -- Braine-le-Comte,TRAIN
SNCB-830,P,Libramont -- Bertrix,TRAIN
SNCB-831,P,Libramont -- Virton,TRAIN
SNCB-832,P,Gembloux -- Tamines,TRAIN
SNCB-833,P,Gembloux -- Jemeppe-sur-Sambre,TRAIN
SNCB-834,P,Schaerbeek -- Jemeppe-sur-Sambre,TRAIN
SNCB-835,P,Binche -- Braine-le-Comte,TRAIN
SNCB-836,P,Charleroi-Central -- Couvin,TRAIN
SNCB-837,P,Charleroi-Central -- Walcourt,TRAIN
SNCB-838,P,Mons -- La Louvière-Sud,TRAIN
SNCB-839,P,Manage -- Braine-le-Comte,TRAIN
SNCB-84,BUS,Hal -- Enghien,TRAIN
SNCB-840,P,Luttre -- Charleroi-Central,TRAIN
SNCB-841,P,Schaerbeek -- Quiévrain,TRAIN
SNCB-842,P,Braine-le-Comte -- Quiévrain,TRAIN
SNCB-843,P,Braine-le-Comte -- Saint-Ghislain,TRAIN
SNCB-844,P,Schaerbeek -- Saint-Ghislain,TRAIN
SNCB-845,P,Schaerbeek -- Quévy,TRAIN
SNCB-846,P,Saint-Ghislain -- Tournai,TRAIN
SNCB-847,P,Mons -- Quiévrain,TRAIN
SNCB-848,P,Saint-Ghislain -- Quiévrain,TRAIN
SNCB-849,P,Mons -- Quévy,TRAIN
SNCB-85,BUS,Bruxelles-Midi -- Enghien,TRAIN
SNCB-850,P,Mons -- Saint-Ghislain,TRAIN
SNCB-851,BUS,Aachen Hbf (DE) -- Heerlen,TRAIN
SNCB-852,BUS,Herzogenrath -- Heerlen,TRAIN
SNCB-853,P,Ostende -- Courtrai,TRAIN
SNCB-854,P,Knokke -- Courtrai,TRAIN
SNCB-855,P,Bruges -- Courtrai,TRAIN
SNCB-856,P,Grammont -- Denderleeuw,TRAIN
SNCB-857,P,Zottegem -- Courtrai,TRAIN
SNCB-858,P,Gand-Saint-Pierre -- Grammont,TRAIN
SNCB-859,P,Alost -- Burst,TRAIN
SNCB-86,BUS,Enghien -- Grammont,TRAIN
SNCB-860,P,Courtrai -- Roulers,TRAIN
SNCB-861,P,Gand-Saint-Pierre -- Courtrai,TRAIN
SNCB-862,P,Gand-Saint-Pierre -- La Panne,TRAIN
SNCB-863,P,Louvain -- La Panne,TRAIN
SNCB-864,P,Louvain -- Lichtervelde,TRAIN
SNCB-865,P,Mol -- Hamont,TRAIN
SNCB-866,P,Hamont -- Sint-Joris-Weert,TRAIN
SNCB-867,P,Herentals -- Sint-Joris-Weert,TRAIN
SNCB-868,P,Mol -- Sint-Joris-Weert,TRAIN
SNCB-869,P,Essen -- Louvain,TRAIN
SNCB-87,BUS,Tongres -- Liers,TRAIN
SNCB-870,P,Tongres -- Gand-Saint-Pierre,TRAIN
SNCB-871,P,Hasselt -- Gand-Saint-Pierre,TRAIN
SNCB-872,P,Tongres -- Louvain,TRAIN
SNCB-873,P,Liège-Guillemins -- Namur,TRAIN
SNCB-874,P,Louvain-la-Neuve -- Mouscron,TRAIN
SNCB-875,P,Ottignies -- Mouscron,TRAIN
SNCB-876,P,Bruxelles-Nord -- Mouscron,TRAIN
SNCB-877,P,Ottignies -- Tournai,TRAIN
SNCB-878,L,Gand-Saint-Pierre -- Courtrai,TRAIN
SNCB-879,P,Tournai -- Ath,TRAIN
SNCB-88,BUS,Welkenraedt -- Eupen,TRAIN
SNCB-880,P,Saint-Ghislain -- Ath,TRAIN
SNCB-881,P,Mons -- Grammont,TRAIN
SNCB-882,P,Bruxelles-Midi -- Namur,TRAIN
SNCB-883,P,Herstal -- Arlon,TRAIN
SNCB-884,P,Rochefort-Jemelle -- Arlon,TRAIN
SNCB-885,P,Liège-Guillemins -- Arlon,TRAIN
SNCB-886,P,Bruxelles-Midi -- Ciney,TRAIN
SNCB-887,P,Marloie -- Libramont,TRAIN
SNCB-888,P,Libramont -- Athus,TRAIN
SNCB-889,P,Louvain-la-Neuve -- Binche,TRAIN
SNCB-89,BUS,Dinant -- Gendron-Celles,TRAIN
SNCB-890,P,Ottignies -- Binche,TRAIN
SNCB-891,P,Ottignies -- Manage,TRAIN
SNCB-892,P,Bruxelles-Nord -- Binche,TRAIN
SNCB-893,P,Schaerbeek -- Châtelet,TRAIN
SNCB-894,P,Mons -- Manage,TRAIN
SNCB-895,S62,Luttre -- Manage,TRAIN
SNCB-896,P,Quévy -- Braine-le-Comte,TRAIN
SNCB-897,P,Sint-Joris-Weert -- Poperinge,TRAIN
SNCB-898,P,Sint-Joris-Weert -- Courtrai,TRAIN
SNCB-899,P,Sint-Joris-Weert -- Menin,TRAIN
SNCB-9,L,Anvers-Central -- Puurs,TRAIN
SNCB-90,BUS,Maastricht (NL) -- Visé,TRAIN
SNCB-900,P,Alost -- Grammont,TRAIN
SNCB-901,P,Gand-Saint-Pierre -- Lichtervelde,TRAIN
SNCB-902,IC,Charleroi-Central -- Tamines,TRAIN
SNCB-903,IC,Namur -- Charleroi-Central,TRAIN
SNCB-904,IC,Namur -- Courtrai,TRAIN
SNCB-905,IC,Namur -- Tournai,TRAIN
SNCB-906,IC,Tamines -- Tournai,TRAIN
SNCB-907,EC,Rotterdam CS (NL) -- Bruxelles-Midi,TRAIN
SNCB-908,EC,Roosendaal (NL) -- Bruxelles-Midi,TRAIN
SNCB-909,EC,Breda (NL) -- Bruxelles-Midi,TRAIN
SNCB-91,BUS,Gembloux -- Namur,TRAIN
SNCB-910,EC,Rotterdam CS (NL) -- Bruxelles-Nord,TRAIN
SNCB-911,IC,Tamines -- La Louvière-Sud,TRAIN
SNCB-912,IC,Tamines -- Mons,TRAIN
SNCB-913,ECD,Amsterdam Sud -- Bruxelles-Midi,TRAIN
SNCB-914,ECD,Amsterdam Sud -- Anvers-Central,TRAIN
SNCB-915,ECD,Rotterdam CS (NL) -- Bruxelles-Midi,TRAIN
SNCB-916,ECD,Lelystad Centre -- Bruxelles-Midi,TRAIN
SNCB-917,ECD,Lelystad Centre -- Anvers-Central,TRAIN
SNCB-918,L,Marloie -- Libramont,TRAIN
SNCB-919,ECD,Amsterdam Cs (NL) -- Bruxelles-Midi,TRAIN
SNCB-92,BUS,Maastricht (NL) -- Liège-Guillemins,TRAIN
SNCB-920,ECD,Almere Centre -- Bruxelles-Midi,TRAIN
SNCB-921,S9,Bruxelles-Luxembourg -- Louvain,TRAIN
SNCB-93,BUS,Bertrix -- Gedinne,TRAIN
SNCB-94,BUS,Liers -- Flémalle-Haute,TRAIN
SNCB-95,BUS,Liège-Guillemins -- Liège-Saint-Lambert,TRAIN
SNCB-96,BUS,Liège-Guillemins -- Liers,TRAIN
SNCB-97,BUS,Marloie -- Ciney,TRAIN
SNCB-98,BUS,Liège-Guillemins -- Rivage,TRAIN
SNCB-99,BUS,Rhisnes -- Namur,TRAIN
